fold,accuracy,weighted_f1,weighted_precision
0,0.566,0.49195122922588996,0.49099243369413725
1,0.6275,0.6327323505934841,0.697799494734346
2,0.5155,0.4853245968134273,0.7470168798900959
