fold,accuracy,weighted_f1,weighted_precision
0,0.5695,0.4986945437778386,0.692581177574478
1,0.6745,0.6704840980377569,0.6959705492600484
2,0.5425,0.5500857799773291,0.6540440200613955
